"VANKYO LEISURE 3 Mini Projector, Full HD 1080P and 170'' Display Supported, 2400 Lux Portable Movie Projector with 40,000 Hrs LED Lamp Life, Compatible with TV Stick, PS4, HDMI, VGA, TF, AV and USBby VANKYO",by VANKYO
"Epson VS250 SVGA 3,200 lumens color brightness (color light output) 3,200 lumens white brightness (white light output) HDMI 3LCD projectorby Epson",by Epson
"DR. J Professional HI-04 1080P Supported 4Inch Mini Projector with 170"" Display - 40,000 Hours LED Full HD Video Projector, Compatible with HDMI,USB,SD (Latest Upgrade)by DR. J Professional",by DR. J Professional
"Nebula Capsule, by Anker, Smart Portable Wi-Fi Mini Projector, 100 ANSI lm High-Contrast Pocket Cinema, DLP, 360Â° Speaker, 100"" Picture, Android 7.1, 4-Hour Video Playtime, and Appby Anker",by Anker
ViewSonic PA503S 3600 Lumens SVGA HDMI Projectorby ViewSonic,ViewSonic PA503S 3600 Lumens SVGA HDMI Projector
"Epson Home Cinema 2150 Wireless 1080p Miracast, 3LCD projectorby Epson","Epson Home Cinema 2150 Wireless 1080p Miracast, 3LCD projector"
"DR. J Professional 2600 Brightness Home Theater Mini Projector Max. 170"" Display, Full HD LED Projector 1080P/HDMI/VGA/USB/TF/AV/Sound Bar/Video Games/TV 1080P Support (White)by DR. J Professional",by DR. J Professional
"BenQ HT2050A 1080P DLP Home Theater Projector, 2200 Lumens, 96% Rec.709, 3D, 16ms Low Input Lag, 2D Keystone, HDMIby BenQ",by BenQ
BenQ MH530FHD 1080p 3300 Lumens DLP Home Theater Video Projector - Home Entertainment Seriesby BenQ,by BenQ
Optoma HD143X 1080p 3000 Lumens 3D DLP Home Theater Projectorby Optoma,Optoma HD143X 1080p 3000 Lumens 3D DLP Home Theater Projector
Optoma GT1080Darbee 1080p 3000 Lumens 3D DLP Short Throw Gaming Projectorby Optoma,Optoma GT1080Darbee 1080p 3000 Lumens 3D DLP Short Throw Gaming Projector
"Nebula, by Anker, Mars II 300 ANSI lm Portable Projector with 720p DLP Picture, 10W Speakers, Android 7.1, 1-Second Autofocus, 30-150'' Screen, 4-Hour Playtime, Broad Connectivity, and Screen Castingby Anker",by Anker
"DBPOWER Mini Projector, 176"" Display 1080P Full HD LED Movie Projector, 50,000 Hours Lamp Life Home Theater Video Projector with HDMI Cable, Compatible with USB SD VGA AV TV Laptop Game (White)by DBPOWER",by DBPOWER
"Epson Pro EX9220 1080p+ WUXGA 3,600 lumens color brightness (color light output) 3,600 lumens white brightness (white light output) wireless Miracast HDMI MHL 3LCD projectorby Epson",by Epson
"Epson PowerLite 1781W WXGA, 3,200 lumens color brightness (color light output), 3,200 lumens white brightness wireless 3LCD Portable Projectorby Epson",by Epson
"ViewSonic M1 Portable Projector with Dual Harman Kardon Speakers, HDMI, USB C and Built-in Batteryby ViewSonic",by ViewSonic
"RAGU Z400 Mini Projector, 2019 Upgraded Full HD 1080P 180"" Display Supported, 50,000 Hrs Home Movie Projector for PC/MAC/DVD/TV/Xbox/Movies/Games/Smartphone with HDMI/VGA/USB/AV/SDby Ragu",by Ragu
"Epson Home Cinema 1060 Full HD 1080p 3,100 lumens color brightness (color light output) 3,100 lumens white brightness (white light output) 2x HDMI (1x MHL) built-in speakers 3LCD projectorby Epson",by Epson
"VANKYO Leisure 510 Full HD Movie Projector, Video Projector with 200"" Projection Size, Support 1080P HDMI VGA AV USB with Free HDMI Cable and Carrying Bag(White)by VANKYO",by VANKYO
"AAXA Technologies KP-101-01 AAXA LED Pico Micro Video Projector - Pocket Size Portable Mobile Mini Projector with mini-HDMI, built-in Media Player & Speakers, 3.5mm Aux Out, Micro SD/USB readers and 80 Min Lithium-Ion Batteryby AAXA Technologies",by AAXA Technologies
APEMAN Projector Upgraded Mini Portable Projector 2200 Lumens LED Full HD Video Home Theater Supports 1080p HDMI/VGA/USB/SD Card/AV Input Remote Control Video Game Chromecast for Family Entertainmentby APEMAN,by APEMAN
Optoma HD27HDR 3400 Lumens 1080p Home Theater Projectorby Optoma,Optoma HD27HDR 3400 Lumens 1080p Home Theater Projector
Epson Home Cinema 4010 4K PRO-UHD 3-Chip Projector with HDRby Epson,Epson Home Cinema 4010 4K PRO-UHD 3-Chip Projector with HDR
ViewSonic 1080p Projector with 3500 Lumens DLP 3D Dual HDMI and Low Input Lag for Home Theater and Gaming (PX700HD)by ViewSonic,by ViewSonic
